{"cameraMode":{"drawMode":0,"name":"Shaded","section":"Shading Mode"},"sceneLighting":true,"audioPlay":false,"sceneViewState":{"m_AlwaysRefresh":false,"showFog":true,"showSkybox":true,"showFlares":true,"showImageEffects":true,"showParticleSystems":true,"showVisualEffectGraphs":true,"m_FxEnabled":true},"in2DMode":false,"pivot":{"x":-2.5092644691467287,"y":1.0484004020690919,"z":2.9730143547058107},"rotation":{"x":0.22921672463417054,"y":0.6210514307022095,"z":-0.19681379199028016,"w":0.7232798337936401},"size":4.164443492889404,"orthographic":true}