{"cameraMode":{"drawMode":0,"name":"Shaded","section":"Shading Mode"},"sceneLighting":true,"audioPlay":false,"sceneViewState":{"m_AlwaysRefresh":false,"showFog":true,"showSkybox":true,"showFlares":true,"showImageEffects":true,"showParticleSystems":true,"showVisualEffectGraphs":true,"m_FxEnabled":true},"in2DMode":false,"pivot":{"x":24.313152313232423,"y":-0.13574182987213136,"z":-6.54761266708374},"rotation":{"x":0.1976282149553299,"y":0.11731088161468506,"z":-0.023871244862675668,"w":0.9729658961296082},"size":22.53436851501465,"orthographic":false}