{"cameraMode":{"drawMode":0,"name":"Shaded","section":"Shading Mode"},"sceneLighting":true,"audioPlay":false,"sceneViewState":{"m_AlwaysRefresh":false,"showFog":true,"showSkybox":true,"showFlares":true,"showImageEffects":true,"showParticleSystems":true,"showVisualEffectGraphs":true,"m_FxEnabled":true},"in2DMode":false,"pivot":{"x":144.53636169433595,"y":-95.18854522705078,"z":5.672821998596191},"rotation":{"x":0.40742218494415285,"y":0.17759175598621369,"z":-0.08111483603715897,"w":0.8921366930007935},"size":120.00080108642578,"orthographic":true}