{"cameraMode":{"drawMode":0,"name":"Shaded","section":"Shading Mode"},"sceneLighting":false,"audioPlay":false,"sceneViewState":{"m_AlwaysRefresh":false,"showFog":true,"showSkybox":false,"showFlares":true,"showImageEffects":true,"showParticleSystems":true,"showVisualEffectGraphs":true,"m_FxEnabled":true},"in2DMode":false,"pivot":{"x":-6.827430248260498,"y":6.106418609619141,"z":-1.2938241958618165},"rotation":{"x":-0.013924683444201947,"y":-0.25861218571662905,"z":0.003664112649857998,"w":-0.9659492373466492},"size":6.866026878356934,"orthographic":false}